date,ticker,sentiment_score,sentiment_std,sentiment_min,sentiment_max,sentiment_positive,sentiment_negative,sentiment_neutral,news_count
2021-01-02,XLY,0.3612,0.0,0.3612,0.3612,0.1535,0.0,0.8465,2
2021-01-06,XLY,-0.08533333333333333,0.0739008344562721,-0.128,0.0,0.0,0.13333333333333333,0.8666666666666667,3
2021-01-07,XLY,0.044475,0.08895000000000002,0.0,0.1779,0.0255,0.0,0.9745,4
2021-01-08,XLY,0.0,0.0,0.0,0.0,0.0,0.0,1.0,3
2021-01-11,XLY,0.14365,0.41966787463421595,-0.1531,0.4404,0.1945,0.1935,0.612,2
2021-01-12,XLY,-0.1027,,-0.1027,-0.1027,0.115,0.138,0.747,1
2021-01-15,XLY,0.0,,0.0,0.0,0.0,0.0,1.0,1
2021-01-19,XLY,0.2023,,0.2023,0.2023,0.31,0.0,0.69,1
2021-01-20,XLY,0.0,0.0,0.0,0.0,0.0,0.0,1.0,3
2021-01-21,XLY,0.014700000000000001,0.3573381032019955,-0.4678,0.5413,0.08280000000000001,0.06,0.8573999999999999,5
2021-01-22,XLY,0.47550000000000003,0.049638896039295666,0.4404,0.5106,0.1635,0.0,0.8365,2
2021-01-23,XLY,-0.743,,-0.743,-0.743,0.08,0.298,0.623,1
2021-01-26,XLY,0.128,,0.128,0.128,0.297,0.252,0.45,1
2021-01-27,XLY,-0.4939,,-0.4939,-0.4939,0.0,0.225,0.775,1
2021-02-01,XLY,0.0,0.0,0.0,0.0,0.0,0.0,1.0,2
2021-02-02,XLY,0.2001,0.03705239533417509,0.1739,0.2263,0.156,0.052,0.7915,2
2021-02-03,XLY,-0.064,0.09050966799187808,-0.128,0.0,0.0,0.0485,0.9515,2
2021-02-05,XLY,-0.5028,0.2924593646987561,-0.7096,-0.296,0.0,0.35400000000000004,0.646,2
2021-02-07,XLY,0.2023,,0.2023,0.2023,0.184,0.0,0.816,1
2021-02-08,XLY,0.1553,0.17972078343920048,0.0,0.3252,0.09025,0.0,0.9097500000000001,4
2021-02-10,XLY,-0.4404,,-0.4404,-0.4404,0.138,0.374,0.488,1
2021-02-11,XLY,0.0,,0.0,0.0,0.0,0.0,1.0,1
2021-02-12,XLY,-0.3612,,-0.3612,-0.3612,0.0,0.412,0.588,1
2021-02-14,XLY,-0.2732,,-0.2732,-0.2732,0.0,0.296,0.704,1
2021-02-16,XLY,-0.4939,,-0.4939,-0.4939,0.0,0.457,0.543,1
2021-02-17,XLY,0.4798,0.32498627663333723,0.25,0.7096,0.14350000000000002,0.0,0.8565,2
2021-02-18,XLY,-0.1906333333333333,0.3750621459616171,-0.5719,0.1779,0.04466666666666667,0.10066666666666667,0.8546666666666667,3
2021-02-19,XLY,0.5574,,0.5574,0.5574,0.085,0.0,0.915,1
2021-02-22,XLY,0.56305,0.05140666299226211,0.5267,0.5994,0.3065,0.0,0.6935,2
2021-02-23,XLY,0.0,,0.0,0.0,0.0,0.0,1.0,1
2021-02-24,XLY,0.0,,0.0,0.0,0.0,0.0,1.0,1
2021-02-25,XLY,0.0,,0.0,0.0,0.0,0.0,1.0,1
2021-02-26,XLY,0.0,,0.0,0.0,0.0,0.0,1.0,1
2021-03-01,XLY,0.0,,0.0,0.0,0.0,0.0,1.0,1
2021-03-02,XLY,0.2997,0.42383980464321663,0.0,0.5994,0.123,0.0,0.877,2
2021-03-03,XLY,0.872,,0.872,0.872,0.832,0.0,0.168,1
2021-03-08,XLY,-0.09809999999999999,0.42963808024894623,-0.4019,0.2057,0.133,0.081,0.786,2
2021-03-09,XLY,0.4939,,0.4939,0.4939,0.348,0.0,0.652,1
2021-03-10,XLY,-0.14876666666666663,0.4445293503620805,-0.6486,0.2023,0.07333333333333332,0.08566666666666667,0.8410000000000001,3
2021-03-11,XLY,0.4588,,0.4588,0.4588,0.333,0.0,0.667,1
2021-03-12,XLY,0.128,,0.128,0.128,0.092,0.066,0.842,1
2021-03-13,XLY,-0.1531,,-0.1531,-0.1531,0.0,0.103,0.897,1
2021-03-14,XLY,-0.4404,,-0.4404,-0.4404,0.0,0.293,0.707,1
2021-03-15,XLY,0.0,,0.0,0.0,0.0,0.0,1.0,1
2021-03-16,XLY,0.0,0.0,0.0,0.0,0.0,0.0,1.0,2
2021-03-23,XLY,0.0,,0.0,0.0,0.0,0.0,1.0,1
2021-03-24,XLY,-0.10860000000000002,0.5129406203450844,-0.7096,0.3182,0.075,0.14825,0.77675,4
2021-03-25,XLY,0.0,,0.0,0.0,0.0,0.0,1.0,1
2021-03-26,XLY,0.08895,0.1257942963730868,0.0,0.1779,0.0295,0.0,0.9704999999999999,2
2021-03-29,XLY,0.1589,0.24616682148494343,0.0,0.4767,0.08916666666666666,0.010166666666666666,0.9005000000000001,6
2021-03-30,XLY,0.0,,0.0,0.0,0.0,0.0,1.0,1
2021-03-31,XLY,-0.04765,0.3189758689932516,-0.2732,0.1779,0.0375,0.042,0.9205000000000001,2
2021-04-01,XLY,0.0,0.0,0.0,0.0,0.0305,0.0305,0.9385,2
2021-04-02,XLY,0.09545,0.1909,0.0,0.3818,0.01325,0.0,0.98675,4
2021-04-05,XLY,-0.07905000000000001,0.3062457128951631,-0.3612,0.3182,0.032,0.064,0.904,4
2021-04-06,XLY,0.1338,0.5092583038105515,-0.2263,0.4939,0.1325,0.111,0.7565,2
2021-04-07,XLY,0.3243,0.4586294582775947,0.0,0.6486,0.155,0.0305,0.8140000000000001,2
2021-04-08,XLY,0.0,,0.0,0.0,0.0,0.0,1.0,1
2021-04-09,XLY,0.0,,0.0,0.0,0.0,0.0,1.0,1
2021-04-12,XLY,0.08333333333333333,0.14433756729740646,0.0,0.25,0.06066666666666667,0.0,0.9393333333333334,3
2021-04-13,XLY,0.14155,0.5865450749942411,-0.2732,0.5563,0.155,0.031,0.814,2
2021-04-14,XLY,0.0,0.0,0.0,0.0,0.0,0.0,1.0,2
2021-04-15,XLY,-0.23786666666666667,0.22231593135295846,-0.4404,0.0,0.0,0.09766666666666667,0.9023333333333333,3
2021-04-16,XLY,-0.008649999999999991,0.42287085893134485,-0.4404,0.4767,0.10300000000000001,0.05875,0.8382499999999999,4
2021-04-17,XLY,0.4767,0.0,0.4767,0.4767,0.181,0.0,0.819,8
2021-04-19,XLY,0.38475000000000004,0.07870098474606273,0.3291,0.4404,0.23299999999999998,0.0,0.767,2
2021-04-20,XLY,-0.02363333333333333,0.23862934298474975,-0.2732,0.2023,0.051,0.02666666666666667,0.9223333333333333,3
2021-04-21,XLY,0.043925000000000006,0.33539570037991445,-0.3182,0.4939,0.0355,0.04725,0.91725,4
2021-04-22,XLY,0.0,,0.0,0.0,0.06,0.06,0.881,1
2021-04-23,XLY,-0.2732,,-0.2732,-0.2732,0.0,0.084,0.916,1
2021-04-26,XLY,0.0,0.0,0.0,0.0,0.01525,0.01525,0.96925,4
2021-04-27,XLY,0.0,0.0,0.0,0.0,0.02033333333333333,0.02033333333333333,0.959,3
2021-04-28,XLY,0.0,0.0,0.0,0.0,0.0305,0.0305,0.9385,2
2021-04-29,XLY,-0.36345,0.5139959192445014,-0.7269,0.0,0.0,0.275,0.725,2
2021-04-30,XLY,0.1909,0.2699733690570238,0.0,0.3818,0.07,0.0,0.9299999999999999,2
2021-05-02,XLY,0.5267,,0.5267,0.5267,0.254,0.0,0.746,1
2021-05-04,XLY,0.2997,0.42383980464321663,0.0,0.5994,0.1665,0.06,0.773,2
2021-05-05,XLY,-0.07543333333333334,0.1306543659176123,-0.2263,0.0,0.02033333333333333,0.112,0.8673333333333333,3
2021-05-06,XLY,-0.318,0.03111269837220812,-0.34,-0.296,0.0,0.32,0.68,2
2021-05-07,XLY,0.1909,0.22043233277659907,0.0,0.3818,0.103,0.0,0.897,4
2021-05-11,XLY,0.0,,0.0,0.0,0.061,0.061,0.877,1
2021-05-12,XLY,0.0,0.0,0.0,0.0,0.02033333333333333,0.02033333333333333,0.959,3
2021-05-13,XLY,-0.1752,0.13859292911256332,-0.2732,-0.0772,0.122,0.165,0.713,2
2021-05-14,XLY,-0.009800000000000003,0.5822317236290032,-0.4215,0.4019,0.055,0.206,0.739,2
2021-05-17,XLY,0.27065,0.38275690065627815,0.0,0.5413,0.1295,0.0,0.8705,2
2021-05-18,XLY,0.0,,0.0,0.0,0.0,0.0,1.0,1
2021-05-19,XLY,0.0,,0.0,0.0,0.061,0.061,0.877,1
2021-05-20,XLY,0.10705,0.4714280910170712,-0.2263,0.4404,0.1465,0.0685,0.7849999999999999,2
2021-05-21,XLY,0.016375,0.3005452414244104,-0.4939,0.6249,0.041,0.056375,0.9025,8
2021-05-24,XLY,-0.3612,,-0.3612,-0.3612,0.0,0.263,0.737,1
2021-05-26,XLY,-0.4215,,-0.4215,-0.4215,0.0,0.583,0.417,1
2021-05-27,XLY,-0.36819999999999997,0.10210621920333746,-0.4404,-0.296,0.0,0.2365,0.7635,2
2021-05-28,XLY,0.09255000000000002,0.3810507249697866,-0.5859,0.3804,0.1455,0.036833333333333336,0.8178333333333333,6
2021-05-29,XLY,0.3804,0.0,0.3804,0.3804,0.192,0.0,0.808,2
2021-05-31,XLY,0.4019,,0.4019,0.4019,0.162,0.0,0.838,1
2021-06-01,XLY,0.0,0.0,0.0,0.0,0.0,0.0,1.0,2
2021-06-03,XLY,-0.4019,,-0.4019,-0.4019,0.0,0.153,0.847,1
2021-06-04,XLY,-0.23775000000000002,0.050133870786126224,-0.2732,-0.2023,0.0375,0.0905,0.8715,2
2021-06-07,XLY,0.0258,,0.0258,0.0258,0.203,0.271,0.526,1
2021-06-08,XLY,-0.1366,0.19318157262016478,-0.2732,0.0,0.0,0.031,0.969,2
2021-06-09,XLY,0.2981,0.1583050009738585,0.0,0.3804,0.18460000000000001,0.0060999999999999995,0.8092,10
2021-06-10,XLY,0.367,0.037900923471598964,0.2732,0.3804,0.2585,0.0,0.7415,8
2021-06-11,XLY,0.33285000000000003,0.13449170978168135,0.0,0.3804,0.20825,0.0,0.79175,8
2021-06-14,XLY,0.0,,0.0,0.0,0.0,0.0,1.0,1
2021-06-15,XLY,0.0,,0.0,0.0,0.0,0.0,1.0,1
2021-06-16,XLY,-0.296,,-0.296,-0.296,0.0,0.216,0.784,1
2021-06-17,XLY,0.03573333333333334,0.32826192793763537,-0.2732,0.3804,0.08166666666666667,0.06933333333333333,0.8490000000000001,3
2021-06-18,XLY,0.0,,0.0,0.0,0.0,0.0,1.0,1
2021-06-19,XLY,0.6124,,0.6124,0.6124,0.333,0.0,0.667,1
2021-06-21,XLY,0.0,0.2732,-0.2732,0.2732,0.13733333333333334,0.06933333333333333,0.7933333333333333,3
2021-06-22,XLY,0.3612,,0.3612,0.3612,0.294,0.0,0.706,1
2021-06-24,XLY,-0.2732,,-0.2732,-0.2732,0.0,0.062,0.938,1
2021-06-25,XLY,0.148,0.20930360723121805,0.0,0.296,0.1195,0.0,0.8805000000000001,2
2021-06-27,XLY,0.3804,,0.3804,0.3804,0.245,0.0,0.755,1
2021-06-29,XLY,-0.148,0.20930360723121805,-0.296,0.0,0.0305,0.1285,0.8405,2
2021-06-30,XLY,0.0,,0.0,0.0,0.0,0.0,1.0,1
2021-07-02,XLY,0.2023,,0.2023,0.2023,0.231,0.0,0.769,1
2021-07-05,XLY,0.0772,,0.0772,0.0772,0.061,0.0,0.939,1
2021-07-06,XLY,0.22747499999999998,0.19131526119645204,0.0,0.4588,0.098,0.0295,0.8725,4
2021-07-07,XLY,0.3182,,0.3182,0.3182,0.161,0.0,0.839,1
2021-07-08,XLY,0.0,,0.0,0.0,0.0,0.0,1.0,1
2021-07-09,XLY,0.2202,0.31140982643455556,0.0,0.4404,0.081,0.0,0.919,2
2021-07-12,XLY,-0.1366,0.19318157262016478,-0.2732,0.0,0.0,0.042,0.958,2
2021-07-13,XLY,0.0,,0.0,0.0,0.0,0.0,1.0,1
2021-07-14,XLY,0.028599999999999997,0.33980388461581773,-0.296,0.3818,0.05933333333333333,0.04533333333333334,0.8953333333333333,3
2021-07-15,XLY,0.0,,0.0,0.0,0.061,0.061,0.877,1
2021-07-16,XLY,0.1806,0.25540696936458096,0.0,0.3612,0.156,0.0755,0.769,2
2021-07-19,XLY,-0.7579,,-0.7579,-0.7579,0.0,0.619,0.381,1
2021-07-20,XLY,-0.1366,0.19318157262016478,-0.2732,0.0,0.0,0.042,0.958,2
2021-07-21,XLY,0.0,0.0,0.0,0.0,0.0305,0.0305,0.9385,2
2021-07-22,XLY,-0.56735,0.10387398615630386,-0.6408,-0.4939,0.0,0.41800000000000004,0.5820000000000001,2
2021-07-23,XLY,0.03153333333333334,0.5902320927680342,-0.5423,0.6369,0.125,0.15566666666666668,0.7193333333333333,3
2021-07-28,XLY,0.0,0.0,0.0,0.0,0.0,0.0,1.0,2
2021-07-29,XLY,0.0,,0.0,0.0,0.0,0.0,1.0,1
2021-07-30,XLY,-0.0937,0.08211132686785667,-0.1531,0.0,0.059666666666666666,0.079,0.8610000000000001,3
2021-08-02,XLY,0.0,,0.0,0.0,0.0,0.0,1.0,1
2021-08-03,XLY,-0.2023,,-0.2023,-0.2023,0.0,0.375,0.625,1
2021-08-04,XLY,0.0,,0.0,0.0,0.0,0.0,1.0,1
2021-08-05,XLY,0.0,,0.0,0.0,0.0,0.0,1.0,1
2021-08-08,XLY,-0.296,0.0,-0.296,-0.296,0.0,0.081,0.919,2
2021-08-09,XLY,0.2732,,0.2732,0.2732,0.139,0.0,0.861,1
2021-08-10,XLY,0.0,,0.0,0.0,0.0,0.0,1.0,1
2021-08-11,XLY,0.0,,0.0,0.0,0.0,0.0,1.0,1
2021-08-12,XLY,0.8368500000000001,0.09213601358860708,0.7717,0.902,0.485,0.0,0.515,2
2021-08-15,XLY,0.0,,0.0,0.0,0.0,0.0,1.0,1
2021-08-18,XLY,0.2263,,0.2263,0.2263,0.174,0.0,0.826,1
2021-08-23,XLY,-0.1897333333333333,0.16470887448262564,-0.296,0.0,0.0,0.10966666666666665,0.8903333333333333,3
2021-08-24,XLY,0.4215,,0.4215,0.4215,0.412,0.0,0.588,1
2021-08-26,XLY,0.0,,0.0,0.0,0.0,0.0,1.0,1
2021-08-30,XLY,0.26335,0.37243314165095454,0.0,0.5267,0.1205,0.0,0.8795,2
2021-09-01,XLY,0.34,,0.34,0.34,0.286,0.0,0.714,1
2021-09-03,XLY,0.0,0.0,0.0,0.0,0.0,0.0,1.0,2
2021-09-07,XLY,-0.22383333333333333,0.2119648162628254,-0.4215,0.0,0.06266666666666666,0.20333333333333334,0.7343333333333334,3
2021-09-08,XLY,0.0,,0.0,0.0,0.0,0.0,1.0,1
2021-09-10,XLY,0.0,0.0,0.0,0.0,0.0,0.0,1.0,2
2021-09-14,XLY,-0.28595,0.4043943681605865,-0.5719,0.0,0.0,0.276,0.724,2
2021-09-16,XLY,-0.08895,0.1257942963730868,-0.1779,0.0,0.0495,0.07,0.88,2
2021-09-17,XLY,0.0,,0.0,0.0,0.0,0.0,1.0,1
2021-09-21,XLY,0.7351,,0.7351,0.7351,0.408,0.0,0.592,1
2021-09-23,XLY,0.0,,0.0,0.0,0.0,0.0,1.0,1
2021-09-24,XLY,-0.4019,,-0.4019,-0.4019,0.0,0.351,0.649,1
2021-09-26,XLY,0.4404,,0.4404,0.4404,0.244,0.0,0.756,1
2021-09-28,XLY,-0.05084999999999998,0.5527453708535242,-0.4417,0.34,0.1155,0.184,0.7005,2
2021-09-29,XLY,0.10115,0.14304770183403856,0.0,0.2023,0.0765,0.0,0.9235,2
2021-09-30,XLY,0.0,,0.0,0.0,0.0,0.0,1.0,1
2021-10-01,XLY,-0.0516,,-0.0516,-0.0516,0.223,0.236,0.541,1
2021-10-04,XLY,-0.2263,,-0.2263,-0.2263,0.119,0.182,0.699,1
2021-10-06,XLY,0.0,,0.0,0.0,0.0,0.0,1.0,1
2021-10-07,XLY,-0.5859,,-0.5859,-0.5859,0.0,0.545,0.455,1
2021-10-08,XLY,-0.40735000000000005,0.28998449096460316,-0.6124,-0.2023,0.0445,0.34650000000000003,0.609,2
2021-10-11,XLY,-0.3182,,-0.3182,-0.3182,0.0,0.141,0.859,1
2021-10-12,XLY,-0.6249,,-0.6249,-0.6249,0.0,0.672,0.328,1
2021-10-14,XLY,0.0,0.0,0.0,0.0,0.0,0.0,1.0,2
2021-10-15,XLY,0.9169,,0.9169,0.9169,0.498,0.0,0.502,1
2021-10-17,XLY,0.4215,,0.4215,0.4215,0.219,0.0,0.781,1
2021-10-18,XLY,0.17753999999999998,0.31905373058467756,-0.296,0.4767,0.10980000000000001,0.031,0.8592000000000001,5
2021-10-19,XLY,-0.14654,0.33285567142531913,-0.5423,0.25,0.0334,0.1702,0.7964,5
2021-10-21,XLY,0.0,,0.0,0.0,0.0,0.0,1.0,1
2021-10-25,XLY,0.0386,0.054588643507601474,0.0,0.0772,0.1625,0.143,0.6950000000000001,2
2021-10-26,XLY,0.0,0.0,0.0,0.0,0.0,0.0,1.0,2
2021-10-27,XLY,0.4023,,0.4023,0.4023,0.278,0.0,0.722,1
2021-10-28,XLY,-0.04033333333333333,0.44653618367757536,-0.4019,0.4588,0.17233333333333334,0.09000000000000001,0.7376666666666667,3
2021-11-01,XLY,0.0,,0.0,0.0,0.0,0.0,1.0,1
2021-11-02,XLY,0.0516,,0.0516,0.0516,0.118,0.0,0.882,1
2021-11-03,XLY,0.25,,0.25,0.25,0.105,0.0,0.895,1
2021-11-05,XLY,0.0,,0.0,0.0,0.0,0.0,1.0,1
2021-11-08,XLY,-0.1806,0.25540696936458096,-0.3612,0.0,0.0,0.086,0.9139999999999999,2
2021-11-10,XLY,0.23343333333333335,0.4043183935134949,0.0,0.7003,0.13066666666666668,0.0,0.8693333333333334,3
2021-11-11,XLY,0.0,0.0,0.0,0.0,0.0,0.0,1.0,2
2021-11-12,XLY,-0.24695,0.3492400392280358,-0.4939,0.0,0.0,0.121,0.879,2
2021-11-14,XLY,0.0,,0.0,0.0,0.0,0.0,1.0,1
2021-11-15,XLY,0.0,,0.0,0.0,0.0,0.0,1.0,1
2021-11-16,XLY,0.2023,,0.2023,0.2023,0.104,0.07,0.826,1
2021-11-17,XLY,-0.22834,0.24632507586520705,-0.5423,0.0,0.0,0.1472,0.8528,5
2021-11-18,XLY,0.0,,0.0,0.0,0.0,0.0,1.0,1
2021-11-19,XLY,-0.3818,,-0.3818,-0.3818,0.0,0.167,0.833,1
2021-11-22,XLY,0.5106,0.0,0.5106,0.5106,0.4935,0.0495,0.457,2
2021-11-23,XLY,0.0,0.0,0.0,0.0,0.0,0.0,1.0,2
2021-11-24,XLY,0.31245,0.4418710275634736,0.0,0.6249,0.418,0.0,0.582,2
2021-11-28,XLY,-0.2732,,-0.2732,-0.2732,0.0,0.296,0.704,1
2021-11-29,XLY,0.0,,0.0,0.0,0.0,0.0,1.0,1
2021-12-06,XLY,-0.1806,0.25540696936458096,-0.3612,0.0,0.0,0.1665,0.8335,2
2021-12-07,XLY,0.5859,,0.5859,0.5859,0.487,0.0,0.513,1
2021-12-08,XLY,0.2263,,0.2263,0.2263,0.128,0.0,0.872,1
2021-12-10,XLY,0.20095,0.28418621535887345,0.0,0.4019,0.0765,0.0,0.9235,2
2021-12-14,XLY,-0.5994,,-0.5994,-0.5994,0.0,0.246,0.754,1
2021-12-15,XLY,0.0,,0.0,0.0,0.0,0.0,1.0,1
2021-12-16,XLY,0.6239,,0.6239,0.6239,0.313,0.0,0.687,1
2021-12-23,XLY,-0.1909,0.2699733690570238,-0.3818,0.0,0.0,0.0835,0.9165,2
2021-12-27,XLY,0.0,0.0,0.0,0.0,0.0,0.0,1.0,2
2021-12-28,XLY,0.8591,,0.8591,0.8591,0.576,0.0,0.424,1
2021-12-31,XLY,0.0,,0.0,0.0,0.0,0.0,1.0,1
2022-01-03,XLY,0.0,,0.0,0.0,0.0,0.0,1.0,1
2022-01-06,XLY,0.0,,0.0,0.0,0.0,0.0,1.0,1
2022-01-08,XLY,0.4404,,0.4404,0.4404,0.172,0.0,0.828,1
2022-01-11,XLY,0.0,0.0,0.0,0.0,0.0,0.0,1.0,2
2022-01-18,XLY,0.11905,0.45445752826859415,-0.2023,0.4404,0.181,0.1155,0.7035,2
2022-01-19,XLY,-0.1806,0.25540696936458096,-0.3612,0.0,0.0,0.147,0.853,2
2022-01-24,XLY,0.0,,0.0,0.0,0.0,0.0,1.0,1
2022-01-26,XLY,0.296,,0.296,0.296,0.196,0.0,0.804,1
2022-01-27,XLY,0.0,,0.0,0.0,0.0,0.0,1.0,1
2022-01-31,XLY,-0.31245,0.4418710275634736,-0.6249,0.0,0.0,0.085,0.915,2
2022-02-01,XLY,0.28595,0.4043943681605865,0.0,0.5719,0.185,0.0,0.815,2
2022-02-02,XLY,0.0,,0.0,0.0,0.0,0.0,1.0,1
2022-02-03,XLY,-0.3612,,-0.3612,-0.3612,0.0,0.135,0.865,1
2022-02-05,XLY,0.4215,,0.4215,0.4215,0.388,0.0,0.612,1
2022-02-07,XLY,0.0,,0.0,0.0,0.0,0.0,1.0,1
2022-02-08,XLY,0.3818,0.0,0.3818,0.3818,0.224,0.0,0.776,2
2022-02-09,XLY,0.0,,0.0,0.0,0.0,0.0,1.0,1
2022-02-10,XLY,0.0,0.0,0.0,0.0,0.0,0.0,1.0,17
2022-02-12,XLY,0.0,0.0,0.0,0.0,0.0,0.0,1.0,2
2022-02-14,XLY,0.1144,0.18102905844090336,0.0,0.3804,0.10275000000000001,0.03775,0.8595,4
2022-02-15,XLY,0.11978,0.4051128015750675,-0.5423,0.3804,0.11939999999999999,0.0518,0.8288,5
2022-02-18,XLY,-0.1027,,-0.1027,-0.1027,0.128,0.15,0.722,1
2022-02-23,XLY,-0.6249,,-0.6249,-0.6249,0.0,0.24,0.76,1
2022-02-27,XLY,0.0,,0.0,0.0,0.0,0.0,1.0,1
2022-03-02,XLY,0.4158,0.588029999234733,0.0,0.8316,0.2785,0.0,0.7215,2
2022-03-03,XLY,0.4939,,0.4939,0.4939,0.211,0.0,0.789,1
2022-03-04,XLY,-0.296,,-0.296,-0.296,0.0,0.128,0.872,1
2022-03-07,XLY,0.0,,0.0,0.0,0.0,0.0,1.0,1
2022-03-08,XLY,-0.5719,,-0.5719,-0.5719,0.0,0.188,0.812,1
2022-03-09,XLY,-0.3182,,-0.3182,-0.3182,0.185,0.2,0.615,1
2022-03-11,XLY,0.1779,,0.1779,0.1779,0.159,0.0,0.841,1
2022-03-14,XLY,-0.2997,0.42383980464321663,-0.5994,0.0,0.0,0.0815,0.9185,2
2022-03-17,XLY,0.128,,0.128,0.128,0.097,0.0,0.903,1
2022-03-18,XLY,-0.0772,,-0.0772,-0.0772,0.09,0.104,0.806,1
2022-03-21,XLY,-0.7783,,-0.7783,-0.7783,0.0,0.327,0.673,1
2022-03-22,XLY,-0.2263,,-0.2263,-0.2263,0.158,0.202,0.64,1
2022-03-23,XLY,0.0,0.0,0.0,0.0,0.0,0.0,1.0,2
2022-03-24,XLY,0.0,,0.0,0.0,0.0,0.0,1.0,1
2022-03-25,XLY,0.017533333333333328,0.30107495190843536,-0.4215,0.5267,0.030833333333333334,0.0365,0.9326666666666666,6
2022-03-27,XLY,0.0,,0.0,0.0,0.0,0.0,1.0,1
2022-03-28,XLY,0.035074999999999995,0.20654186621602896,-0.1779,0.3182,0.08524999999999999,0.04325,0.8714999999999999,4
2022-03-29,XLY,0.23565,0.11674332957389898,0.1531,0.3182,0.129,0.063,0.8075,2
2022-03-30,XLY,0.296,0.0,0.296,0.296,0.0875,0.0,0.9125000000000001,2
2022-03-31,XLY,0.0,0.0,0.0,0.0,0.0,0.0,1.0,2
2022-04-04,XLY,0.34,,0.34,0.34,0.146,0.0,0.854,1
2022-04-05,XLY,-0.5994,,-0.5994,-0.5994,0.0,0.231,0.769,1
2022-04-06,XLY,0.0,,0.0,0.0,0.0,0.0,1.0,1
2022-04-07,XLY,-0.064,0.09050966799187808,-0.128,0.0,0.0,0.0405,0.9595,2
2022-04-10,XLY,0.3818,,0.3818,0.3818,0.271,0.0,0.729,1
2022-04-11,XLY,0.1366,0.19318157262016478,0.0,0.2732,0.065,0.0,0.935,2
2022-04-12,XLY,0.34,,0.34,0.34,0.167,0.0,0.833,1
2022-04-14,XLY,0.4767,,0.4767,0.4767,0.162,0.0,0.838,1
2022-04-16,XLY,0.4404,,0.4404,0.4404,0.244,0.0,0.756,1
2022-04-18,XLY,-0.34,,-0.34,-0.34,0.0,0.194,0.806,1
2022-04-20,XLY,0.0707,0.0382,0.0516,0.128,0.1495,0.0,0.8505,4
2022-04-21,XLY,0.0,,0.0,0.0,0.0,0.0,1.0,1
2022-04-22,XLY,-0.0258,,-0.0258,-0.0258,0.211,0.22,0.569,1
2022-04-26,XLY,0.0,,0.0,0.0,0.0,0.0,1.0,1
2022-04-27,XLY,0.0,,0.0,0.0,0.0,0.0,1.0,1
2022-04-29,XLY,-0.3818,,-0.3818,-0.3818,0.0,0.302,0.698,1
2022-04-30,XLY,-0.3182,,-0.3182,-0.3182,0.159,0.374,0.467,1
2022-05-02,XLY,-0.22455,0.27852936110938104,-0.4215,-0.0276,0.122,0.229,0.6485000000000001,2
2022-05-03,XLY,0.0,,0.0,0.0,0.0,0.0,1.0,1
2022-05-04,XLY,0.5719,,0.5719,0.5719,0.236,0.0,0.764,1
2022-05-06,XLY,-0.24424999999999997,0.6315170662777057,-0.6908,0.2023,0.0705,0.1085,0.821,2
2022-05-09,XLY,0.0,,0.0,0.0,0.0,0.0,1.0,1
2022-05-10,XLY,0.0,,0.0,0.0,0.0,0.0,1.0,1
2022-05-11,XLY,-0.1027,,-0.1027,-0.1027,0.075,0.092,0.833,1
2022-05-12,XLY,-0.2023,,-0.2023,-0.2023,0.0,0.184,0.816,1
2022-05-13,XLY,0.3804,0.0,0.3804,0.3804,0.20966666666666667,0.0,0.7903333333333333,3
2022-05-14,XLY,0.3804,0.0,0.3804,0.3804,0.27349999999999997,0.0,0.7264999999999999,2
2022-05-15,XLY,-0.2732,,-0.2732,-0.2732,0.0,0.13,0.87,1
2022-05-16,XLY,-0.7101,,-0.7101,-0.7101,0.0,0.297,0.703,1
2022-05-17,XLY,0.46715,0.03783021279348029,0.4404,0.4939,0.184,0.0,0.816,2
2022-05-18,XLY,0.0,,0.0,0.0,0.0,0.0,1.0,1
2022-05-19,XLY,-0.02631999999999999,0.3368586231640805,-0.3818,0.4404,0.0854,0.1014,0.8131999999999999,5
2022-05-20,XLY,0.0,,0.0,0.0,0.0,0.0,1.0,1
2022-05-21,XLY,0.0,0.0,0.0,0.0,0.0,0.0,1.0,2
2022-05-23,XLY,-0.04546666666666666,0.25308183129836354,-0.3182,0.1818,0.09200000000000001,0.12333333333333334,0.7846666666666667,3
2022-05-24,XLY,-0.0191,,-0.0191,-0.0191,0.0,0.071,0.929,1
2022-05-25,XLY,0.24253333333333335,0.33509703569762195,0.0,0.6249,0.13699999999999998,0.0,0.863,3
2022-05-26,XLY,-0.4019,,-0.4019,-0.4019,0.0,0.162,0.838,1
2022-05-27,XLY,0.3182,,0.3182,0.3182,0.294,0.185,0.521,1
2022-05-29,XLY,0.0,,0.0,0.0,0.0,0.0,1.0,1
2022-05-31,XLY,0.2601,0.7254465865933893,-0.5574,0.8271,0.294,0.051,0.6549999999999999,3
2022-06-01,XLY,0.7096,,0.7096,0.7096,0.371,0.0,0.629,1
2022-06-02,XLY,-0.03992,0.22049992517005532,-0.4019,0.2023,0.020200000000000003,0.0248,0.9550000000000001,5
2022-06-03,XLY,0.09106666666666667,0.15773209354260576,0.0,0.2732,0.10233333333333333,0.06333333333333334,0.8343333333333334,3
2022-06-04,XLY,-0.10115,0.14304770183403856,-0.2023,0.0,0.0585,0.117,0.8245,2
2022-06-07,XLY,-0.4215,,-0.4215,-0.4215,0.0,0.203,0.797,1
2022-06-12,XLY,0.1027,,0.1027,0.1027,0.091,0.0,0.909,1
2022-06-15,XLY,0.07543333333333334,0.1306543659176123,0.0,0.2263,0.076,0.038,0.8863333333333333,3
2022-06-17,XLY,0.0,,0.0,0.0,0.0,0.0,1.0,1
2022-06-18,XLY,0.0,,0.0,0.0,0.0,0.0,1.0,1
2022-06-19,XLY,0.4404,,0.4404,0.4404,0.182,0.0,0.818,1
2022-06-20,XLY,0.2023,,0.2023,0.2023,0.122,0.0,0.878,1
2022-06-21,XLY,-0.08899999999999998,0.3996484330008064,-0.4019,0.3612,0.11166666666666665,0.132,0.7559999999999999,3
2022-06-23,XLY,0.128,0.0,0.128,0.128,0.13,0.0,0.87,3
2022-06-26,XLY,-0.5106,,-0.5106,-0.5106,0.0,0.398,0.602,1
2022-06-27,XLY,0.05599999999999998,0.4170657182427409,-0.5106,0.4588,0.12525,0.0995,0.77525,4
2022-06-28,XLY,0.4118,,0.4118,0.4118,0.319,0.0,0.681,1
2022-06-29,XLY,-0.5994,,-0.5994,-0.5994,0.136,0.34,0.524,1
2022-06-30,XLY,0.0,0.0,0.0,0.0,0.0,0.0,1.0,3
2022-07-04,XLY,-0.4588,,-0.4588,-0.4588,0.087,0.169,0.744,1
2022-07-05,XLY,0.0,0.0,0.0,0.0,0.0,0.0,1.0,2
2022-07-06,XLY,0.20095,0.28418621535887345,0.0,0.4019,0.092,0.0,0.9079999999999999,2
2022-07-10,XLY,0.6249,0.0,0.6249,0.6249,0.212,0.0,0.788,2
2022-07-12,XLY,0.0,0.0,0.0,0.0,0.0,0.0,1.0,2
2022-07-16,XLY,0.0,,0.0,0.0,0.0,0.0,1.0,1
2022-07-18,XLY,-0.4215,,-0.4215,-0.4215,0.0,0.259,0.741,1
2022-07-22,XLY,-0.5106,,-0.5106,-0.5106,0.0,0.202,0.798,1
2022-07-27,XLY,0.04590000000000002,0.5093961425060068,-0.5423,0.34,0.09200000000000001,0.063,0.8450000000000001,3
2022-07-28,XLY,0.1779,,0.1779,0.1779,0.124,0.0,0.876,1
2022-07-29,XLY,0.0,0.0,0.0,0.0,0.0,0.0,1.0,2
2022-07-30,XLY,0.5106,,0.5106,0.5106,0.191,0.0,0.809,1
2022-08-01,XLY,-0.11315,0.1600182645825157,-0.2263,0.0,0.0,0.1205,0.8795,2
2022-08-02,XLY,0.20413333333333336,0.35356930485172683,0.0,0.6124,0.119,0.0,0.8809999999999999,3
2022-08-04,XLY,-0.128,,-0.128,-0.128,0.0,0.158,0.842,1
2022-08-05,XLY,-0.09866666666666667,0.1708956796801292,-0.296,0.0,0.0,0.07966666666666666,0.9203333333333333,3
2022-08-06,XLY,-0.296,,-0.296,-0.296,0.0,0.239,0.761,1
2022-08-08,XLY,-0.04540000000000001,0.34916196814658956,-0.5994,0.3724,0.0216,0.046200000000000005,0.9321999999999999,5
2022-08-10,XLY,-0.105375,0.21075,-0.4215,0.0,0.0,0.04725,0.95275,4
2022-08-11,XLY,0.4479333333333333,0.39734016073552564,0.0,0.7579,0.18933333333333335,0.0,0.8106666666666666,3
2022-08-15,XLY,0.135,0.19091883092036785,0.0,0.27,0.073,0.034,0.893,2
2022-08-17,XLY,-0.2202,0.31140982643455556,-0.4404,0.0,0.0,0.1465,0.8534999999999999,2
2022-08-18,XLY,0.0,,0.0,0.0,0.0,0.0,1.0,1
2022-08-19,XLY,0.3804,0.0,0.3804,0.3804,0.192,0.0,0.808,2
2022-08-20,XLY,0.3804,0.0,0.3804,0.3804,0.245,0.0,0.755,2
2022-08-22,XLY,0.34425,0.4138695990284863,0.0516,0.6369,0.28650000000000003,0.1065,0.607,2
2022-08-23,XLY,0.0,,0.0,0.0,0.0,0.0,1.0,1
2022-08-25,XLY,0.0,,0.0,0.0,0.0,0.0,1.0,1
2022-08-28,XLY,-0.6249,,-0.6249,-0.6249,0.0,0.291,0.709,1
2022-08-29,XLY,-0.1027,,-0.1027,-0.1027,0.206,0.18,0.614,1
2022-08-30,XLY,0.3804,0.0,0.3804,0.3804,0.20966666666666667,0.0,0.7903333333333333,3
2022-08-31,XLY,0.3804,,0.3804,0.3804,0.245,0.0,0.755,1
2022-09-02,XLY,0.0,,0.0,0.0,0.0,0.0,1.0,1
2022-09-06,XLY,-0.3818,,-0.3818,-0.3818,0.0,0.148,0.852,1
2022-09-09,XLY,-0.5574,,-0.5574,-0.5574,0.085,0.33,0.585,1
2022-09-12,XLY,0.09806666666666668,0.1698564491955879,0.0,0.2942,0.051333333333333335,0.0,0.9486666666666667,3
2022-09-13,XLY,-0.2294,0.324420591208388,-0.4588,0.0,0.0,0.1155,0.8845000000000001,2
2022-09-14,XLY,-0.1027,,-0.1027,-0.1027,0.133,0.204,0.663,1
2022-09-20,XLY,0.34,,0.34,0.34,0.146,0.0,0.854,1
2022-09-21,XLY,-0.25,,-0.25,-0.25,0.104,0.153,0.743,1
2022-09-23,XLY,-0.7034,0.14707821048680186,-0.8074,-0.5994,0.0385,0.32599999999999996,0.636,2
2022-09-27,XLY,0.0,,0.0,0.0,0.0,0.0,1.0,1
2022-09-29,XLY,0.0593,0.14524723749524462,-0.1027,0.1779,0.107,0.11233333333333334,0.781,3
2022-09-30,XLY,-0.148,0.20930360723121805,-0.296,0.0,0.0,0.09,0.9099999999999999,2
2022-10-04,XLY,0.128,,0.128,0.128,0.086,0.0,0.914,1
2022-10-05,XLY,0.0,,0.0,0.0,0.0,0.0,1.0,1
2022-10-13,XLY,0.4404,,0.4404,0.4404,0.172,0.0,0.828,1
2022-10-14,XLY,-0.6808,,-0.6808,-0.6808,0.0,0.528,0.472,1
2022-10-15,XLY,-0.6808,,-0.6808,-0.6808,0.0,0.528,0.472,1
2022-10-16,XLY,0.0,,0.0,0.0,0.0,0.0,1.0,1
2022-10-17,XLY,-0.13105,0.1995938626310939,-0.4215,0.0,0.0,0.09974999999999999,0.90025,4
2022-10-19,XLY,-0.5859,,-0.5859,-0.5859,0.0,0.286,0.714,1
2022-10-22,XLY,0.7351,,0.7351,0.7351,0.275,0.0,0.725,1
2022-10-24,XLY,-0.07655,0.10825804819966044,-0.1531,0.0,0.0955,0.085,0.819,2
2022-10-26,XLY,0.0,,0.0,0.0,0.0,0.0,1.0,1
2022-10-27,XLY,0.1779,,0.1779,0.1779,0.082,0.0,0.918,1
2022-10-31,XLY,0.0,,0.0,0.0,0.0,0.0,1.0,1
2022-11-02,XLY,-0.37565,0.38600959184973627,-0.6486,-0.1027,0.068,0.20099999999999998,0.731,2
2022-11-03,XLY,-0.1531,,-0.1531,-0.1531,0.142,0.172,0.686,1
2022-11-06,XLY,-0.2997,0.42383980464321663,-0.5994,0.0,0.0,0.1155,0.8845000000000001,2
2022-11-07,XLY,-0.07955,0.1591,-0.3182,0.0,0.0,0.04325,0.95675,4
2022-11-09,XLY,-0.7506,0.0,-0.7506,-0.7506,0.0,0.425,0.575,2
2022-11-10,XLY,0.045933333333333326,0.43569824802646767,-0.296,0.5365,0.12166666666666666,0.10666666666666667,0.7719999999999999,3
2022-11-11,XLY,-0.4404,,-0.4404,-0.4404,0.0,0.225,0.775,1
2022-11-14,XLY,0.0,0.0,0.0,0.0,0.0,0.0,1.0,2
2022-11-15,XLY,0.45949999999999996,0.3129654613531659,0.2382,0.6808,0.205,0.0,0.7949999999999999,2
2022-11-16,XLY,0.27944,0.15927745603191937,0.0,0.3804,0.1482,0.0392,0.8126,5
2022-11-17,XLY,0.1068,0.47388910095084485,-0.4404,0.3804,0.19066666666666668,0.09133333333333334,0.718,3
2022-11-18,XLY,0.3804,0.0,0.3804,0.3804,0.20966666666666667,0.0,0.7903333333333333,3
2022-11-19,XLY,0.10836000000000001,0.42856837027480227,-0.5994,0.3804,0.147,0.046200000000000005,0.8068,5
2022-11-21,XLY,-0.25981666666666664,0.2598006960473098,-0.7178,-0.0258,0.0715,0.18816666666666668,0.7403333333333334,6
2022-11-22,XLY,0.436,0.6165971131946694,0.0,0.872,0.261,0.0,0.739,2
2022-11-23,XLY,0.7506,,0.7506,0.7506,0.322,0.07,0.607,1
2022-11-24,XLY,0.3804,,0.3804,0.3804,0.245,0.0,0.755,1
2022-11-25,XLY,0.3804,0.0,0.3804,0.3804,0.2185,0.0,0.7815,4
2022-11-28,XLY,0.05295,0.4934898225900915,-0.296,0.4019,0.0985,0.09,0.8115,2
2022-11-29,XLY,0.4588,,0.4588,0.4588,0.2,0.0,0.8,1
2022-12-01,XLY,-0.296,,-0.296,-0.296,0.0,0.155,0.845,1
2022-12-02,XLY,-0.2787,0.3941413198333816,-0.5574,0.0,0.0955,0.1545,0.75,2
2022-12-05,XLY,0.0,,0.0,0.0,0.0,0.0,1.0,1
2022-12-06,XLY,0.09675,0.13682516215959695,0.0,0.1935,0.047,0.0,0.9530000000000001,2
2022-12-08,XLY,-0.05296666666666667,0.28545956514598236,-0.3612,0.2023,0.06433333333333334,0.10833333333333334,0.8273333333333334,3
2022-12-09,XLY,0.2846,,0.2846,0.2846,0.107,0.0,0.893,1
2022-12-12,XLY,-0.1027,,-0.1027,-0.1027,0.0,0.097,0.903,1
2022-12-14,XLY,-0.3182,,-0.3182,-0.3182,0.082,0.153,0.765,1
2022-12-15,XLY,0.7184,,0.7184,0.7184,0.353,0.0,0.647,1
2022-12-19,XLY,-0.4404,,-0.4404,-0.4404,0.109,0.224,0.667,1
2022-12-20,XLY,-0.34,,-0.34,-0.34,0.0,0.231,0.769,1
2022-12-21,XLY,0.0,0.0,0.0,0.0,0.0,0.0,1.0,2
2022-12-23,XLY,-0.2263,,-0.2263,-0.2263,0.259,0.308,0.432,1
2022-12-27,XLY,0.0,,0.0,0.0,0.0,0.0,1.0,1
2022-12-28,XLY,0.2023,,0.2023,0.2023,0.13,0.0,0.87,1
2022-12-29,XLY,-0.05135,0.07261986642785843,-0.1027,0.0,0.102,0.116,0.7815,2
2022-12-30,XLY,-0.31245,0.4418710275634736,-0.6249,0.0,0.0,0.102,0.898,2
2023-01-03,XLY,0.15293333333333334,0.2648883035042003,0.0,0.4588,0.05266666666666667,0.0,0.9473333333333334,3
2023-01-04,XLY,-0.60175,0.1525229327019383,-0.7096,-0.4939,0.0,0.352,0.6479999999999999,2
2023-01-05,XLY,-0.032,0.064,-0.128,0.0,0.02675,0.0345,0.93875,4
2023-01-06,XLY,0.0,,0.0,0.0,0.0,0.0,1.0,1
2023-01-10,XLY,0.0,,0.0,0.0,0.0,0.0,1.0,1
2023-01-11,XLY,0.0,,0.0,0.0,0.0,0.0,1.0,1
2023-01-12,XLY,-0.3818,,-0.3818,-0.3818,0.0,0.14,0.86,1
2023-01-13,XLY,0.0,,0.0,0.0,0.0,0.0,1.0,1
2023-01-17,XLY,-0.6808,,-0.6808,-0.6808,0.0,0.301,0.699,1
2023-01-18,XLY,0.5719,0.0,0.5719,0.5719,0.291,0.0,0.709,2
2023-01-19,XLY,-0.6486,,-0.6486,-0.6486,0.0,0.441,0.559,1
2023-01-20,XLY,-0.1591,0.2250013777735594,-0.3182,0.0,0.076,0.136,0.788,2
2023-01-22,XLY,-0.3182,,-0.3182,-0.3182,0.0,0.365,0.635,1
2023-01-25,XLY,-0.5100333333333333,0.02886751345948121,-0.5267,-0.4767,0.03233333333333333,0.24866666666666667,0.719,3
2023-01-26,XLY,0.0,,0.0,0.0,0.0,0.0,1.0,1
2023-01-30,XLY,0.16464999999999996,1.0805298723311634,-0.5994,0.9287,0.2385,0.103,0.6585000000000001,2
2023-02-01,XLY,0.0,,0.0,0.0,0.0,0.0,1.0,1
2023-02-03,XLY,0.0,,0.0,0.0,0.0,0.0,1.0,1
2023-02-06,XLY,0.3804,0.0,0.3804,0.3804,0.245,0.0,0.755,3
2023-02-07,XLY,0.310975,0.13885,0.1027,0.3804,0.17625,0.0,0.82375,4
2023-02-10,XLY,0.082875,0.47033873874758253,-0.6124,0.3804,0.18175,0.125,0.6932499999999999,4
2023-02-11,XLY,0.3804,0.0,0.3804,0.3804,0.192,0.0,0.808,2
2023-02-13,XLY,0.3804,0.0,0.3804,0.3804,0.192,0.0,0.808,2
2023-02-14,XLY,0.3522142857142857,0.06649211553689227,0.2023,0.3804,0.232,0.020428571428571428,0.7475714285714286,7
2023-02-15,XLY,0.3296,0.21474058768663185,0.0258,0.5318,0.21675,0.0795,0.70375,4
2023-02-16,XLY,0.0129,0.018243354954612927,0.0,0.0258,0.1,0.0955,0.8045,2
2023-02-17,XLY,-0.4019,,-0.4019,-0.4019,0.0,0.153,0.847,1
2023-02-21,XLY,0.0,,0.0,0.0,0.0,0.0,1.0,1
2023-02-22,XLY,-0.418,0.5911412690719537,-0.836,0.0,0.036,0.249,0.7155,2
2023-02-23,XLY,0.3804,0.0,0.3804,0.3804,0.2238,0.0,0.7762,5
2023-02-26,XLY,-0.5994,,-0.5994,-0.5994,0.0,0.231,0.769,1
2023-02-27,XLY,-0.1531,,-0.1531,-0.1531,0.0,0.186,0.814,1
2023-02-28,XLY,0.8591,,0.8591,0.8591,0.447,0.0,0.553,1
2023-03-08,XLY,0.0,,0.0,0.0,0.0,0.0,1.0,1
2023-03-11,XLY,0.0,0.0,0.0,0.0,0.0,0.0,1.0,2
2023-03-13,XLY,0.2732,,0.2732,0.2732,0.144,0.083,0.773,1
2023-03-14,XLY,0.2732,,0.2732,0.2732,0.144,0.083,0.773,1
2023-03-18,XLY,-0.20854999999999999,0.8057481771620709,-0.7783,0.3612,0.20850000000000002,0.1435,0.648,2
2023-03-24,XLY,0.0,0.0,0.0,0.0,0.0,0.0,1.0,2
2023-03-25,XLY,0.45275,0.6402851903644188,0.0,0.9055,0.217,0.0,0.7829999999999999,2
2023-03-27,XLY,0.0,0.0,0.0,0.0,0.0,0.0,1.0,2
2023-03-29,XLY,0.0,,0.0,0.0,0.0,0.0,1.0,1
2023-03-30,XLY,0.25,,0.25,0.25,0.111,0.0,0.889,1
2023-03-31,XLY,0.0,,0.0,0.0,0.0,0.0,1.0,1
2023-04-02,XLY,0.2023,0.0,0.2023,0.2023,0.153,0.0,0.847,2
2023-04-04,XLY,0.0,,0.0,0.0,0.0,0.0,1.0,1
2023-04-05,XLY,0.0,,0.0,0.0,0.0,0.0,1.0,1
2023-04-06,XLY,-0.7506,,-0.7506,-0.7506,0.0,0.299,0.701,1
2023-04-10,XLY,0.4404,,0.4404,0.4404,0.262,0.0,0.738,1
2023-04-15,XLY,0.0,,0.0,0.0,0.0,0.0,1.0,1
2023-04-24,XLY,0.0,,0.0,0.0,0.0,0.0,1.0,1
2023-04-26,XLY,0.296,,0.296,0.296,0.091,0.0,0.909,1
2023-04-27,XLY,0.0,,0.0,0.0,0.0,0.0,1.0,1
2023-05-01,XLY,0.0258,,0.0258,0.0258,0.099,0.0,0.901,1
2023-05-08,XLY,0.0,,0.0,0.0,0.0,0.0,1.0,1
2023-05-09,XLY,0.4215,,0.4215,0.4215,0.237,0.0,0.763,1
2023-05-15,XLY,0.272325,0.34185754708650207,0.0,0.7089,0.1485,0.0,0.8515,4
2023-05-16,XLY,0.3804,,0.3804,0.3804,0.245,0.0,0.755,1
2023-05-19,XLY,0.33525,0.4741150967855801,0.0,0.6705,0.122,0.0,0.878,2
2023-05-20,XLY,-0.2263,,-0.2263,-0.2263,0.0,0.213,0.787,1
2023-05-26,XLY,0.0,0.0,0.0,0.0,0.0,0.0,1.0,3
2023-05-27,XLY,0.0,,0.0,0.0,0.0,0.0,1.0,1
2023-05-30,XLY,0.1909,0.2699733690570238,0.0,0.3818,0.112,0.0,0.888,2
2023-06-02,XLY,0.0,,0.0,0.0,0.0,0.0,1.0,1
2023-06-07,XLY,-0.0772,,-0.0772,-0.0772,0.23,0.252,0.519,1
2023-06-09,XLY,-0.21423333333333336,0.22044238098272606,-0.4404,0.0,0.042333333333333334,0.134,0.8236666666666667,3
2023-06-10,XLY,-0.4404,,-0.4404,-0.4404,0.0,0.225,0.775,1
2023-06-11,XLY,0.0,,0.0,0.0,0.0,0.0,1.0,1
2023-06-12,XLY,0.6369,,0.6369,0.6369,0.375,0.0,0.625,1
2023-06-19,XLY,0.0,0.0,0.0,0.0,0.0,0.0,1.0,2
2023-06-20,XLY,0.47185,0.28093352416541534,0.2732,0.6705,0.20950000000000002,0.0505,0.74,2
2023-06-21,XLY,0.0,0.0,0.0,0.0,0.0,0.0,1.0,2
2023-06-22,XLY,-0.4215,,-0.4215,-0.4215,0.0,0.157,0.843,1
2023-06-23,XLY,0.296,,0.296,0.296,0.091,0.0,0.909,1
2023-06-26,XLY,0.0258,,0.0258,0.0258,0.121,0.0,0.879,1
2023-06-29,XLY,0.0,,0.0,0.0,0.0,0.0,1.0,1
2023-06-30,XLY,0.185075,0.2696834363347763,0.0,0.5859,0.11549999999999999,0.0,0.8845000000000001,4
2023-07-03,XLY,0.27115,0.3834640074374647,0.0,0.5423,0.269,0.0,0.731,2
2023-07-11,XLY,0.7783,,0.7783,0.7783,0.298,0.0,0.702,1
2023-07-15,XLY,0.0,0.0,0.0,0.0,0.0,0.0,1.0,2
2023-07-17,XLY,0.010050000000000003,0.5541595844158973,-0.3818,0.4019,0.126,0.07,0.804,2
2023-07-19,XLY,0.0,,0.0,0.0,0.0,0.0,1.0,1
2023-07-20,XLY,0.0086,0.014895636945092345,0.0,0.0258,0.033,0.0,0.967,3
2023-07-21,XLY,0.09106666666666667,0.15773209354260576,0.0,0.2732,0.06033333333333333,0.0,0.9396666666666667,3
2023-07-24,XLY,0.0,0.0,0.0,0.0,0.0,0.0,1.0,2
2023-07-25,XLY,0.0,,0.0,0.0,0.0,0.0,1.0,1
2023-07-26,XLY,0.20226666666666668,0.17516807167213244,0.0,0.3034,0.09200000000000001,0.0,0.908,3
2023-07-31,XLY,0.0,,0.0,0.0,0.0,0.0,1.0,1
2023-08-08,XLY,0.0,,0.0,0.0,0.0,0.0,1.0,1
2023-08-09,XLY,-0.40792500000000004,0.27195,-0.5439,0.0,0.0,0.17325000000000002,0.82675,4
2023-08-18,XLY,0.0,,0.0,0.0,0.0,0.0,1.0,1
2023-08-22,XLY,-0.07594999999999999,0.4609629106555103,-0.4019,0.25,0.0835,0.1155,0.8009999999999999,2
2023-08-25,XLY,0.0,,0.0,0.0,0.0,0.0,1.0,1
2023-08-28,XLY,-0.21075,0.29804550827012977,-0.4215,0.0,0.0,0.0835,0.9165,2
2023-08-31,XLY,0.0,0.0,0.0,0.0,0.0,0.0,1.0,4
2023-09-08,XLY,-0.4215,,-0.4215,-0.4215,0.0,0.157,0.843,1
2023-09-09,XLY,0.296,,0.296,0.296,0.095,0.0,0.905,1
2023-09-17,XLY,0.6808,,0.6808,0.6808,0.359,0.0,0.641,1
2023-09-18,XLY,-0.765,,-0.765,-0.765,0.0,0.306,0.694,1
2023-09-26,XLY,0.296,,0.296,0.296,0.145,0.0,0.855,1
2023-09-29,XLY,-0.5106,,-0.5106,-0.5106,0.0,0.35,0.65,1
2023-10-02,XLY,0.5106,,0.5106,0.5106,0.355,0.0,0.645,1
2023-10-04,XLY,0.6207,,0.6207,0.6207,0.23,0.0,0.77,1
2023-10-05,XLY,-0.296,,-0.296,-0.296,0.0,0.115,0.885,1
2023-10-08,XLY,0.8074,,0.8074,0.8074,0.399,0.0,0.601,1
2023-10-12,XLY,-0.3182,,-0.3182,-0.3182,0.0,0.141,0.859,1
2023-10-17,XLY,0.0,0.0,0.0,0.0,0.0,0.0,1.0,2
2023-10-23,XLY,-0.41169999999999995,0.013859292911256316,-0.4215,-0.4019,0.0,0.22899999999999998,0.7709999999999999,2
2023-10-27,XLY,0.4588,,0.4588,0.4588,0.115,0.0,0.885,1
2023-11-10,XLY,0.26335,0.37243314165095454,0.0,0.5267,0.042,0.0,0.958,2
2023-11-13,XLY,0.0,,0.0,0.0,0.0,0.0,1.0,1
2023-11-14,XLY,0.1779,,0.1779,0.1779,0.124,0.0,0.876,1
2023-11-15,XLY,-0.5719,,-0.5719,-0.5719,0.0,0.251,0.749,1
2023-11-17,XLY,0.0,,0.0,0.0,0.0,0.0,1.0,1
2023-11-21,XLY,0.2023,,0.2023,0.2023,0.184,0.0,0.816,1
2023-11-24,XLY,0.0,,0.0,0.0,0.0,0.0,1.0,1
2023-11-27,XLY,0.0,,0.0,0.0,0.0,0.0,1.0,1
2023-11-28,XLY,-0.4215,,-0.4215,-0.4215,0.0,0.189,0.811,1
2023-12-02,XLY,0.0,,0.0,0.0,0.0,0.0,1.0,1
2023-12-04,XLY,0.7096,,0.7096,0.7096,0.424,0.0,0.576,1
2023-12-07,XLY,0.5574,,0.5574,0.5574,0.184,0.0,0.816,1
2023-12-08,XLY,0.17,0.2404163056034262,0.0,0.34,0.1035,0.0,0.8965000000000001,2
2023-12-09,XLY,0.2023,,0.2023,0.2023,0.141,0.0,0.859,1
2023-12-13,XLY,0.0,,0.0,0.0,0.0,0.0,1.0,1
2023-12-15,XLY,0.3182,,0.3182,0.3182,0.251,0.161,0.588,1
2023-12-17,XLY,0.3818,,0.3818,0.3818,0.224,0.0,0.776,1
2023-12-20,XLY,-0.3818,,-0.3818,-0.3818,0.0,0.224,0.776,1
2023-12-21,XLY,0.16368571428571427,0.3266282618338031,-0.128,0.6369,0.066,0.017142857142857144,0.9168571428571429,7
2023-12-22,XLY,0.8402,,0.8402,0.8402,0.333,0.0,0.667,1
2023-12-23,XLY,0.8402,,0.8402,0.8402,0.333,0.0,0.667,1
2024-01-01,XLY,0.5994,,0.5994,0.5994,0.424,0.0,0.576,1
2024-01-02,XLY,-0.058499999999999996,0.45721524471522157,-0.3818,0.2648,0.08549999999999999,0.084,0.8305,2
2024-01-07,XLY,0.2023,,0.2023,0.2023,0.141,0.0,0.859,1
2024-01-11,XLY,0.0,,0.0,0.0,0.0,0.0,1.0,1
2024-01-14,XLY,0.0,,0.0,0.0,0.0,0.0,1.0,1
2024-01-16,XLY,-0.4404,,-0.4404,-0.4404,0.0,0.172,0.828,1
2024-01-19,XLY,0.0,,0.0,0.0,0.0,0.0,1.0,1
2024-01-22,XLY,0.3208,,0.3208,0.3208,0.159,0.094,0.747,1
2024-01-27,XLY,0.3941,0.2712461612631596,0.2023,0.5859,0.1985,0.0,0.8015,2
2024-02-01,XLY,-0.06275,0.5073491155013478,-0.4215,0.296,0.0435,0.1295,0.827,2
2024-02-05,XLY,0.4588,,0.4588,0.4588,0.248,0.122,0.63,1
2024-02-09,XLY,0.2936,0.2542650585511112,0.0,0.4404,0.27999999999999997,0.0,0.7200000000000001,3
2024-02-10,XLY,0.0,,0.0,0.0,0.0,0.0,1.0,1
2024-02-13,XLY,0.0,,0.0,0.0,0.0,0.0,1.0,1
2024-02-16,XLY,-0.09106666666666667,0.15773209354260576,-0.2732,0.0,0.0,0.043333333333333335,0.9566666666666667,3
2024-02-17,XLY,0.29295,0.4142938630971982,0.0,0.5859,0.096,0.0,0.904,2
2024-02-19,XLY,0.3818,,0.3818,0.3818,0.102,0.0,0.898,1
2024-02-20,XLY,0.1998,0.3460637513522617,0.0,0.5994,0.13133333333333333,0.0,0.8686666666666666,3
2024-02-22,XLY,0.0,,0.0,0.0,0.0,0.0,1.0,1
2024-02-23,XLY,0.0,,0.0,0.0,0.0,0.0,1.0,1
2024-03-01,XLY,0.0,,0.0,0.0,0.0,0.0,1.0,1
2024-03-02,XLY,0.0,,0.0,0.0,0.0,0.0,1.0,1
2024-03-04,XLY,-0.0129,0.018243354954612927,-0.0258,0.0,0.114,0.117,0.7695000000000001,2
2024-03-10,XLY,0.5267,,0.5267,0.5267,0.328,0.0,0.672,1
2024-03-15,XLY,0.05135,0.07261986642785843,0.0,0.1027,0.0325,0.0,0.9675,2
2024-03-16,XLY,0.0,,0.0,0.0,0.0,0.0,1.0,1
2024-03-18,XLY,0.0,,0.0,0.0,0.0,0.0,1.0,1
2024-03-19,XLY,0.0,,0.0,0.0,0.0,0.0,1.0,1
2024-03-20,XLY,0.4703,,0.4703,0.4703,0.203,0.0,0.797,1
2024-03-23,XLY,0.6369,,0.6369,0.6369,0.174,0.0,0.826,1
2024-03-25,XLY,0.0,0.0,0.0,0.0,0.0,0.0,1.0,2
2024-03-26,XLY,0.3804,0.0,0.3804,0.3804,0.2185,0.0,0.7815,4
2024-03-27,XLY,0.3804,0.0,0.3804,0.3804,0.2185,0.0,0.7815,4
2024-03-28,XLY,0.4659,0.148090344047139,0.3804,0.6369,0.24033333333333332,0.0,0.7596666666666666,3
2024-04-03,XLY,-0.228,,-0.228,-0.228,0.0,0.323,0.677,1
2024-04-04,XLY,0.2997,0.42383980464321663,0.0,0.5994,0.0755,0.0,0.9245,2
2024-04-05,XLY,-0.32936666666666664,0.36398132278089945,-0.6249,0.0772,0.06133333333333333,0.20133333333333334,0.7373333333333334,3
2024-04-07,XLY,0.3818,,0.3818,0.3818,0.419,0.0,0.581,1
2024-04-13,XLY,-0.6249,,-0.6249,-0.6249,0.0,0.227,0.773,1
2024-04-18,XLY,0.13396666666666665,0.2320370731873106,0.0,0.4019,0.09699999999999999,0.0,0.903,3
2024-04-19,XLY,0.0,,0.0,0.0,0.0,0.0,1.0,1
2024-04-20,XLY,-0.6249,,-0.6249,-0.6249,0.0,0.215,0.785,1
2024-04-22,XLY,0.45424999999999993,0.1024597725939307,0.3818,0.5267,0.1555,0.0,0.8445,2
2024-04-23,XLY,0.7845,,0.7845,0.7845,0.289,0.0,0.711,1
2024-04-24,XLY,0.0,,0.0,0.0,0.0,0.0,1.0,1
2024-04-26,XLY,0.5994,,0.5994,0.5994,0.328,0.0,0.672,1
2024-04-27,XLY,0.6369,,0.6369,0.6369,0.198,0.0,0.802,1
2024-04-28,XLY,0.17715,0.06950859659063763,0.128,0.2263,0.138,0.056,0.806,2
2024-04-29,XLY,0.0,,0.0,0.0,0.0,0.0,1.0,1
2024-04-30,XLY,0.24805,0.0992070814004726,0.1779,0.3182,0.16599999999999998,0.043,0.7909999999999999,2
2024-05-01,XLY,0.4037,0.5709180151300185,0.0,0.8074,0.3375,0.0,0.6625,2
2024-05-03,XLY,0.3609,0.02955706345359765,0.34,0.3818,0.23600000000000002,0.0,0.764,2
2024-05-04,XLY,0.34,,0.34,0.34,0.13,0.0,0.87,1
2024-05-05,XLY,0.2862333333333333,0.3530924005601555,0.0,0.6808,0.2633333333333333,0.0,0.7366666666666667,3
2024-05-06,XLY,-0.2732,,-0.2732,-0.2732,0.122,0.197,0.68,1
2024-05-07,XLY,0.0,0.0,0.0,0.0,0.0,0.0,1.0,2
2024-05-13,XLY,0.0,,0.0,0.0,0.0,0.0,1.0,1
2024-05-14,XLY,-0.5267,,-0.5267,-0.5267,0.0,0.362,0.638,1
2024-05-15,XLY,0.34,,0.34,0.34,0.145,0.0,0.855,1
2024-05-23,XLY,0.7184,,0.7184,0.7184,0.438,0.0,0.562,1
2024-05-24,XLY,0.0,,0.0,0.0,0.0,0.0,1.0,1
2024-05-25,XLY,0.5859,,0.5859,0.5859,0.213,0.0,0.787,1
2024-06-02,XLY,0.4404,,0.4404,0.4404,0.162,0.0,0.838,1
2024-06-03,XLY,0.2553,0.36104872247385117,0.0,0.5106,0.124,0.0,0.876,2
2024-06-06,XLY,-0.3612,,-0.3612,-0.3612,0.0,0.2,0.8,1
2024-06-11,XLY,0.0,,0.0,0.0,0.0,0.0,1.0,1
2024-06-14,XLY,0.0,,0.0,0.0,0.0,0.0,1.0,1
2024-06-15,XLY,0.4096333333333333,0.19681870676674343,0.296,0.6369,0.13,0.0,0.8700000000000001,3
2024-06-17,XLY,0.0,,0.0,0.0,0.0,0.0,1.0,1
2024-06-24,XLY,0.0,,0.0,0.0,0.0,0.0,1.0,1
2024-06-26,XLY,0.1027,,0.1027,0.1027,0.133,0.088,0.779,1
2024-06-27,XLY,0.0258,,0.0258,0.0258,0.09,0.086,0.824,1
2024-07-01,XLY,0.0,,0.0,0.0,0.0,0.0,1.0,1
2024-07-02,XLY,0.0,,0.0,0.0,0.0,0.0,1.0,1
2024-07-03,XLY,0.2772,0.4801244838580928,0.0,0.8316,0.07033333333333333,0.0,0.9296666666666668,3
2024-07-08,XLY,0.5994,,0.5994,0.5994,0.358,0.0,0.642,1
2024-07-13,XLY,0.0,,0.0,0.0,0.0,0.0,1.0,1
2024-07-15,XLY,0.0,,0.0,0.0,0.0,0.0,1.0,1
2024-07-20,XLY,-0.6249,,-0.6249,-0.6249,0.0,0.177,0.823,1
2024-07-24,XLY,0.25,,0.25,0.25,0.222,0.0,0.778,1
2024-07-26,XLY,-0.1806,0.25540696936458096,-0.3612,0.0,0.0,0.0805,0.9195,2
2024-07-29,XLY,-0.5267,,-0.5267,-0.5267,0.0,0.524,0.476,1
2024-08-02,XLY,-0.13945,0.765584511990675,-0.6808,0.4019,0.126,0.159,0.7150000000000001,2
2024-08-03,XLY,0.0,,0.0,0.0,0.0,0.0,1.0,1
2024-08-08,XLY,0.0,,0.0,0.0,0.0,0.0,1.0,1
2024-08-17,XLY,0.0,,0.0,0.0,0.0,0.0,1.0,1
2024-08-19,XLY,-0.4215,,-0.4215,-0.4215,0.0,0.237,0.763,1
2024-08-21,XLY,0.34,,0.34,0.34,0.156,0.0,0.844,1
2024-08-24,XLY,0.0516,,0.0516,0.0516,0.102,0.093,0.805,1
2024-08-25,XLY,0.5574,,0.5574,0.5574,0.315,0.0,0.685,1
2024-09-03,XLY,0.4588,,0.4588,0.4588,0.158,0.0,0.842,1
2024-09-05,XLY,0.0,,0.0,0.0,0.0,0.0,1.0,1
2024-09-07,XLY,-0.3612,,-0.3612,-0.3612,0.101,0.16,0.739,1
2024-09-09,XLY,0.0,,0.0,0.0,0.0,0.0,1.0,1
2024-09-12,XLY,0.7184,,0.7184,0.7184,0.316,0.0,0.684,1
2024-09-17,XLY,0.0,,0.0,0.0,0.0,0.0,1.0,1
2024-09-21,XLY,0.0,,0.0,0.0,0.0,0.0,1.0,1
2024-09-23,XLY,0.0,,0.0,0.0,0.0,0.0,1.0,1
2024-09-24,XLY,0.5859,,0.5859,0.5859,0.255,0.0,0.745,1
2024-10-01,XLY,0.0,,0.0,0.0,0.0,0.0,1.0,1
2024-10-02,XLY,0.0,,0.0,0.0,0.0,0.0,1.0,1
2024-10-17,XLY,0.0,,0.0,0.0,0.0,0.0,1.0,1
2024-11-01,XLY,0.1882,,0.1882,0.1882,0.225,0.0,0.775,1
2024-11-03,XLY,0.0,,0.0,0.0,0.0,0.0,1.0,1
2024-11-05,XLY,0.4005,,0.4005,0.4005,0.402,0.0,0.598,1
2024-11-06,XLY,0.0258,0.03648670990922585,0.0,0.0516,0.0295,0.0,0.9704999999999999,2
2024-11-08,XLY,0.5948,,0.5948,0.5948,0.245,0.0,0.755,1
2024-11-09,XLY,0.296,,0.296,0.296,0.109,0.0,0.891,1
2024-11-29,XLY,0.0,,0.0,0.0,0.0,0.0,1.0,1
2024-12-02,XLY,0.0516,,0.0516,0.0516,0.054,0.0,0.946,1
2024-12-05,XLY,0.0,,0.0,0.0,0.0,0.0,1.0,1
2024-12-16,XLY,0.0,,0.0,0.0,0.0,0.0,1.0,1
2024-12-31,XLY,0.0,,0.0,0.0,0.0,0.0,1.0,1
2025-02-02,XLY,0.0,0.0,0.0,0.0,0.0,0.0,1.0,2
2025-02-04,XLY,0.0,,0.0,0.0,0.0,0.0,1.0,1
2025-02-05,XLY,0.0,,0.0,0.0,0.0,0.0,1.0,1
2025-02-23,XLY,0.148,0.20930360723121805,0.0,0.296,0.0605,0.0,0.9395,2
2025-03-03,XLY,-0.7086,,-0.7086,-0.7086,0.0,0.352,0.648,1
2025-03-12,XLY,0.0,,0.0,0.0,0.0,0.0,1.0,1
2025-03-19,XLY,0.0,,0.0,0.0,0.0,0.0,1.0,1
2025-03-20,XLY,0.0,0.0,0.0,0.0,0.0,0.0,1.0,2
2025-03-22,XLY,-0.0772,,-0.0772,-0.0772,0.156,0.178,0.667,1
2025-03-28,XLY,0.0,,0.0,0.0,0.0,0.0,1.0,1
2025-03-30,XLY,0.0,,0.0,0.0,0.0,0.0,1.0,1
2025-04-02,XLY,0.1531,,0.1531,0.1531,0.129,0.098,0.773,1
2025-04-04,XLY,0.0,,0.0,0.0,0.0,0.0,1.0,1
2025-04-07,XLY,-0.296,,-0.296,-0.296,0.0,0.115,0.885,1
2025-04-10,XLY,0.17263333333333333,0.17006117526741177,0.0,0.34,0.05833333333333333,0.0,0.9416666666666668,3
2025-04-14,XLY,-0.1531,,-0.1531,-0.1531,0.0,0.091,0.909,1
2025-04-23,XLY,0.0,,0.0,0.0,0.0,0.0,1.0,1
2025-04-25,XLY,0.0,,0.0,0.0,0.0,0.0,1.0,1
2025-05-09,XLY,-0.6652,,-0.6652,-0.6652,0.0,0.331,0.669,1
2025-05-10,XLY,0.0,,0.0,0.0,0.0,0.0,1.0,1
2025-05-15,XLY,0.0,0.0,0.0,0.0,0.0,0.0,1.0,2
2025-05-18,XLY,0.10115,0.14304770183403856,0.0,0.2023,0.0435,0.0,0.9565,2
2025-05-22,XLY,0.0,,0.0,0.0,0.0,0.0,1.0,1
2025-06-08,XLY,0.33695,0.4765192598416144,0.0,0.6739,0.1345,0.0,0.8654999999999999,2
2025-07-02,XLY,0.0,,0.0,0.0,0.0,0.0,1.0,1
2025-07-04,XLY,0.0,,0.0,0.0,0.0,0.0,1.0,1
2025-07-06,XLY,0.0,,0.0,0.0,0.0,0.0,1.0,1
2025-07-07,XLY,-0.025733333333333334,0.04457144078143912,-0.0772,0.0,0.04133333333333333,0.046000000000000006,0.9123333333333333,3
2025-07-11,XLY,0.0,,0.0,0.0,0.0,0.0,1.0,1
2025-07-12,XLY,0.0,0.0,0.0,0.0,0.0,0.0,1.0,3
2025-07-14,XLY,0.0,,0.0,0.0,0.0,0.0,1.0,1
2025-07-16,XLY,0.0,,0.0,0.0,0.0,0.0,1.0,1
2025-07-18,XLY,0.0,,0.0,0.0,0.0,0.0,1.0,1
2025-07-19,XLY,0.08895,0.1257942963730868,0.0,0.1779,0.0875,0.0,0.9125,2
2025-07-21,XLY,0.0,,0.0,0.0,0.0,0.0,1.0,1
2025-07-22,XLY,-0.12726666666666667,0.22043233277659907,-0.3818,0.0,0.0,0.04666666666666667,0.9533333333333333,3
2025-07-23,XLY,0.1027,,0.1027,0.1027,0.104,0.0,0.896,1
2025-07-25,XLY,0.0,,0.0,0.0,0.0,0.0,1.0,1
2025-07-27,XLY,0.2648,,0.2648,0.2648,0.114,0.0,0.886,1
2025-07-28,XLY,0.18185,0.643537881557877,-0.2732,0.6369,0.1875,0.104,0.7085,2
2025-07-29,XLY,0.29295,0.4142938630971982,0.0,0.5859,0.161,0.0,0.839,2
2025-07-31,XLY,-0.1366,0.19318157262016478,-0.2732,0.0,0.0,0.08,0.9199999999999999,2
2025-08-01,XLY,0.0,,0.0,0.0,0.0,0.0,1.0,1
2025-08-02,XLY,0.0,,0.0,0.0,0.0,0.0,1.0,1
2025-08-05,XLY,0.1806,0.25540696936458096,0.0,0.3612,0.119,0.0,0.881,2
2025-08-07,XLY,0.0,,0.0,0.0,0.0,0.0,1.0,1
2025-08-12,XLY,-0.1511,,-0.1511,-0.1511,0.099,0.131,0.77,1
2025-08-14,XLY,0.2716,0.3286261858099564,0.0,0.6369,0.14733333333333334,0.04133333333333333,0.8113333333333334,3
2025-08-15,XLY,0.0,0.0,0.0,0.0,0.0,0.0,1.0,2
2025-08-18,XLY,0.1027,,0.1027,0.1027,0.104,0.0,0.896,1
2025-08-19,XLY,0.064,0.09050966799187808,0.0,0.128,0.1,0.0,0.9,2
2025-08-21,XLY,0.0,0.0,0.0,0.0,0.0,0.0,1.0,2
2025-08-27,XLY,0.1953,0.3382695227182017,0.0,0.5859,0.08566666666666667,0.0,0.9143333333333333,3
2025-08-28,XLY,0.0,,0.0,0.0,0.0,0.0,1.0,1
2025-08-29,XLY,0.0,0.0,0.0,0.0,0.0,0.0,1.0,2
2025-09-04,XLY,0.128,,0.128,0.128,0.12,0.0,0.88,1
2025-09-08,XLY,0.4215,,0.4215,0.4215,0.318,0.0,0.682,1
2025-09-13,XLY,0.0,,0.0,0.0,0.0,0.0,1.0,1
2025-09-16,XLY,0.0,,0.0,0.0,0.0,0.0,1.0,1
2025-09-18,XLY,-0.1366,0.19318157262016478,-0.2732,0.0,0.0,0.0745,0.9255,2
2025-09-21,XLY,0.7783,,0.7783,0.7783,0.207,0.0,0.793,1
2025-09-23,XLY,0.4215,,0.4215,0.4215,0.219,0.0,0.781,1
2025-09-25,XLY,0.0,,0.0,0.0,0.0,0.0,1.0,1
2025-09-26,XLY,0.1909,0.2699733690570238,0.0,0.3818,0.06,0.0,0.94,2
2025-09-27,XLY,0.0,0.0,0.0,0.0,0.0,0.0,1.0,2
2025-09-30,XLY,0.0,,0.0,0.0,0.0,0.0,1.0,1
2025-10-01,XLY,0.0,,0.0,0.0,0.0,0.0,1.0,1
2025-10-04,XLY,0.0,0.0,0.0,0.0,0.0,0.0,1.0,2
2025-10-09,XLY,-0.21989999999999998,0.3808779725843961,-0.6597,0.0,0.0,0.15933333333333333,0.8406666666666668,3
2025-10-10,XLY,0.0,,0.0,0.0,0.0,0.0,1.0,1
2025-10-12,XLY,0.0,0.0,0.0,0.0,0.0,0.0,1.0,2
2025-10-13,XLY,0.0,,0.0,0.0,0.0,0.0,1.0,1
2025-10-14,XLY,0.0,0.0,0.0,0.0,0.0,0.0,1.0,2
2025-10-16,XLY,0.0,,0.0,0.0,0.0,0.0,1.0,1
2025-10-17,XLY,0.0,,0.0,0.0,0.0,0.0,1.0,1
2025-10-18,XLY,0.0,0.0,0.0,0.0,0.0,0.0,1.0,2
2025-10-19,XLY,0.49905,0.19494933957313113,0.3612,0.6369,0.1595,0.0,0.8405,2
2025-10-22,XLY,0.4215,,0.4215,0.4215,0.237,0.0,0.763,1
2025-10-27,XLY,0.0,0.0,0.0,0.0,0.0,0.0,1.0,3
2025-10-28,XLY,0.042666666666666665,0.0739008344562721,0.0,0.128,0.05266666666666667,0.0,0.9473333333333334,3
2025-10-29,XLY,0.31845,0.45035630893771217,0.0,0.6369,0.172,0.0,0.8280000000000001,2
2025-10-30,XLY,0.26335,0.37243314165095454,0.0,0.5267,0.169,0.0495,0.7815,2
2025-10-31,XLY,0.0,,0.0,0.0,0.0,0.0,1.0,1
